essay_id,essay_set,essay,domain1_score
1,1,"The school should provide more trees because they give shade and improve the environment. Students could also learn from caring for them.",5
2,1,"Schools should plant trees. Trees provide shade and cleaner air, and students can learn responsibility by caring for them.",6
3,1,"I think schools need more trees. A greener campus can make the place nicer and can give students a chance to understand nature.",5
4,1,"Planting trees at school is a useful idea because trees help the environment and make outdoor spaces more comfortable for students.",7
5,1,"Schools should plant trees around the campus. They provide shade, help air quality, and create practical opportunities for students to learn about the environment. A small planting program could involve classes in planning, planting, and caring for the trees throughout the year.",8
6,1,"More trees would benefit our school in several ways. First, they can provide shade during hot weather. Second, plants contribute to a healthier environment. Finally, a tree-care project could teach students patience and responsibility while improving the appearance of the campus.",8
7,1,"A school tree program could be valuable if it is planned carefully. Students could research suitable species, estimate costs, plant the trees, and monitor their growth. This would combine environmental benefits with a practical learning activity and could encourage students to think about long-term community improvements.",9
8,1,"The proposal deserves support because it connects education with a visible improvement to the school. However, the school should consider maintenance, available space, and water use before planting. With a clear plan and student participation, the project could provide environmental, educational, and community benefits.",10
9,1,"Trees make school grounds pleasant and useful. They give shade and can help students appreciate nature.",4
10,1,"Adding trees would help our school because students could sit under them and the campus would have more plants. The project would also give students something practical to care for.",7
11,1,"A careful tree planting plan can improve the school environment. Students can help choose locations and maintain the plants, so the project has both environmental and educational value.",9
12,1,"The school should plant more trees, but it should first study costs, water requirements, available land, and suitable species. A well-managed program could improve the campus while creating a long-term environmental learning activity for students.",10
